단축코드,한글종목명,한글종목약명,상장일,기초지수명
159800,DB마이티K100증권상장지수투자신탁(주식),마이티 코스피100,2012/07/05,코스피 100
361580,KB KBSTAR 200 Total Return증권상장지수투자신탁(주식),KBSTAR 200TR,2020/08/21,코스피 200 TR
285000,KB KBSTAR 200IT증권상장지수투자신탁(주식),KBSTAR 200IT,2017/12/08,코스피 200 정보기술
287300,KB KBSTAR 200건설증권상장지수투자신탁(주식),KBSTAR 200건설,2017/12/22,코스피 200 건설
287310,KB KBSTAR 200경기소비재증권상장지수투자신탁(주식),KBSTAR 200경기소비재,2017/12/22,코스피 200 경기소비재
290080,KB KBSTAR 200고배당커버드콜ATM증권상장지수투자신탁(주식-파생형),KBSTAR 200고배당커버드콜ATM,2018/02/27,코스피 200 고배당커버드콜 ATM 지수(시장가격지수)
284980,KB KBSTAR 200금융증권상장지수투자신탁(주식),KBSTAR 200금융,2017/12/08,코스피 200 금융
287320,KB KBSTAR 200산업재증권상장지수투자신탁(주식),KBSTAR 200산업재,2017/12/22,코스피 200 산업재
287330,KB KBSTAR 200생활소비재증권상장지수투자신탁(주식),KBSTAR 200생활소비재,2017/12/22,코스피 200 생활소비재
284990,KB KBSTAR 200에너지화학증권상장지수투자신탁(주식),KBSTAR 200에너지화학,2017/12/08,코스피 200 에너지/화학
285010,KB KBSTAR 200중공업증권상장지수투자신탁(주식),KBSTAR 200중공업,2017/12/08,코스피 200 중공업
148020,KB KBSTAR 200증권상장지수투자신탁(주식),KBSTAR 200,2011/10/20,코스피 200
285020,KB KBSTAR 200철강소재증권상장지수투자신탁(주식),KBSTAR 200철강소재,2017/12/08,코스피 200 철강/소재
315480,KB KBSTAR 200커뮤니케이션서비스증권상장지수투자신탁(주식),KBSTAR 200커뮤니케이션서비스,2019/01/15,코스피 200 커뮤니케이션서비스
422420,KB KBSTAR 2차전지액티브증권상장지수투자신탁(주식),KBSTAR 2차전지액티브,2022/04/08,iSelect 2차전지 지수 (시장가격지수)
105780,KB KBSTAR 5대그룹주증권상장지수투자신탁(주식),KBSTAR 5대그룹주,2008/10/22,MKF 5대그룹주
290130,KB KBSTAR ESG사회책임투자증권상장지수투자신탁(주식),KBSTAR ESG사회책임투자,2018/02/27,KRX ESG 사회책임경영지수(S)
368200,KB KBSTAR Fn K-뉴딜디지털플러스증권상장지수투자신탁(주식),KBSTAR Fn K-뉴딜디지털플러스,2020/11/10,FnGuide K-뉴딜 디지털 플러스 지수
367760,KB KBSTAR Fn5G테크증권상장지수투자신탁(주식),KBSTAR Fn5G테크,2020/10/29,FnGuide 5G 테크 지수
367770,KB KBSTAR Fn수소경제테마증권상장지수투자신탁(주식),KBSTAR Fn수소경제테마,2020/10/29,FnGuide 수소 경제 테마 지수
427110,KB KBSTAR Fn창업투자회사증권상장지수투자신탁(주식),KBSTAR Fn창업투자회사,2022/05/17,FnGuide 창업투자회사 지수(시장가격지수)
388280,KB KBSTAR Fn컨택트대표 증권상장지수투자신탁(주식),KBSTAR Fn컨택트대표,2021/06/10,FnGuide 컨택트대표 지수(시장가격지수)
427120,KB KBSTAR Fn플랫폼테마증권상장지수투자신탁(주식),KBSTAR Fn플랫폼테마,2022/05/17,FnGuide 플랫폼테마 지수(시장가격지수)
326240,KB KBSTAR IT플러스증권상장지수투자신탁(주식),KBSTAR IT플러스,2019/06/20,FnGuide IT플러스 지수
385560,KB KBSTAR KIS국고채30년Enhanced증권상장지수투자신탁(채권),KBSTAR KIS국고채30년Enhanced,2021/05/26,KIS 국고채30년Enhanced지수(시장가격)
385550,KB KBSTAR KIS단기종합채권(AA-이상)액티브증권상장지수투자신탁(채권),KBSTAR KIS단기종합채권(AA-이상)액티브,2021/05/26,KIS 단기종합채권지수(AA-이상)(총수익지수)
385540,KB KBSTAR KIS종합채권(A-이상)액티브증권상장지수투자신탁(채권),KBSTAR KIS종합채권(A-이상)액티브,2021/05/26,KIS 종합채권 지수(A-이상)(총수익지수)
270800,KB KBSTAR KQ고배당증권상장지수투자신탁(주식),KBSTAR KQ고배당,2017/07/07,FnGuide KQ고배당포커스 지수
319870,KB KBSTAR KRX300미국달러선물혼합자산상장지수투자신탁(혼합-파생형),KBSTAR KRX300미국달러선물혼합,2019/03/19,KRX 300 미국달러 선물혼합지수
292050,KB KBSTAR KRX300증권상장지수투자신탁(주식),KBSTAR KRX300,2018/03/26,KRX 300
403990,KB KBSTAR KRX기후변화솔루션증권상장지수투자신탁(주식),KBSTAR KRX기후변화솔루션,2021/10/29,KRX 기후변화 솔루션지수
234310,KB KBSTAR V&S셀렉트밸류증권상장지수투자신탁(주식),KBSTAR V&S셀렉트밸류,2016/02/02,FnGuide 셀렉트 밸류 지수
241390,KB KBSTAR V&S셀렉트밸류채권혼합증권상장지수투자신탁(채권혼합),KBSTAR V&S셀렉트밸류채권혼합,2016/04/12,FnGuide 셀렉트벨류 채권혼합지수
401170,KB KBSTAR iSelect메타버스증권상장지수투자신탁(주식),KBSTAR iSelect메타버스,2021/10/13,iSelect 메타버스 지수(시장가격지수)
300640,KB KBSTAR 게임테마증권상장지수투자신탁(주식),KBSTAR 게임테마,2018/07/24,WISE 게임 테마 지수 (시장가격지수)
266160,KB KBSTAR 고배당증권상장지수투자신탁(주식),KBSTAR 고배당,2017/04/14,FnGuide 고배당포커스 지수
114100,KB KBSTAR 국고채3년증권상장지수투자신탁(채권),KBSTAR 국고채3년,2009/07/29,KTB INDEX(시장가격)
295000,KB KBSTAR 국채선물10년증권상장지수투자신탁(채권-파생형),KBSTAR 국채선물10년,2018/05/11,10년국채선물지수
432600,KB KBSTAR 국채선물3년증권상장지수투자신탁(채권-파생형),KBSTAR 국채선물3년,2022/06/14,국채선물지수
397420,KB KBSTAR 국채선물5년추종증권상장지수투자신탁(채권-파생형),KBSTAR 국채선물5년추종,2021/08/31,5년 국채선물 추종 지수
276650,KB KBSTAR 글로벌4차산업IT증권상장지수투자신탁(주식-파생형)(합성 H),KBSTAR 글로벌4차산업IT(합성 H),2017/08/17,S&P Global 1200 Information Technology and Interactive Media & Services(PR)
437370,KB KBSTAR 글로벌농업경제MV증권상장지수투자신탁(주식),KBSTAR 글로벌농업경제MV,2022/07/29,MVIS Global Agribusiness Index(Price Return)
375270,KB KBSTAR 글로벌데이터센터리츠나스닥부동산상장지수투자신탁(파생형)(합성),KBSTAR 글로벌데이터센터리츠나스닥(합성),2021/01/14,Kelly Data Center & Tech Infrastructure Net Total Return Index
411720,KB KBSTAR 글로벌메타버스Moorgate증권상장지수투자신탁(주식),KBSTAR 글로벌메타버스Moorgate,2021/12/22,Global Metaverse Index(Price Return)
417450,KB KBSTAR 글로벌수소경제Indxx증권상장지수투자신탁(주식),KBSTAR 글로벌수소경제Indxx,2022/02/15,Indxx Hydrogen Economy Index (Net Total Return)
399580,KB KBSTAR 글로벌클린에너지S&P증권상장지수투자신탁(주식),KBSTAR 글로벌클린에너지S&P,2021/10/21,S&P Global Clean Energy Index (Price Return)
336160,KB KBSTAR 금융채액티브증권상장지수투자신탁(채권),KBSTAR 금융채액티브,2019/10/29,KIS 종합채권금융채 2.5Y-3Y 지수 (총수익)
326230,KB KBSTAR 내수주플러스증권상장지수투자신탁(주식),KBSTAR 내수주플러스,2019/06/20,FnGuide 내수주플러스 지수
272560,KB KBSTAR 단기국공채액티브증권상장지수투자신탁(채권),KBSTAR 단기국공채액티브,2017/06/29,KIS 종합채권국공채3M~1.5Y지수
196230,KB KBSTAR 단기통안채증권상장지수투자신탁(채권),KBSTAR 단기통안채,2014/05/19,KIS 통안채 5개월 지수(총수익)
315960,KB KBSTAR 대형고배당10Total Return증권상장지수투자신탁(주식),KBSTAR 대형고배당10TR,2019/01/22,WISE 대형고배당10 TR 지수
252730,KB KBSTAR 모멘텀로우볼증권상장지수투자신탁(주식),KBSTAR 모멘텀로우볼,2016/10/14,FnGuide 모멘텀&로우볼 지수
252720,KB KBSTAR 모멘텀밸류증권상장지수투자신탁(주식),KBSTAR 모멘텀밸류,2016/10/14,FnGuide 모멘텀&밸류 지수
379780,KB KBSTAR 미국S&P500증권상장지수투자신탁(주식),KBSTAR 미국S&P500,2021/04/09,S&P 500
219390,KB KBSTAR 미국S&P원유생산기업증권상장지수투자신탁(주식-파생형)(합성 H),KBSTAR 미국S&P원유생산기업(합성 H),2015/06/02,S&P Oil & Gas Exploration & Production Select Industry Index(PR)
354240,KB KBSTAR 미국고정배당우선증권ICE TR증권상장지수투자신탁(주식혼합),KBSTAR 미국고정배당우선증권ICE TR,2020/05/19,ICE BofAML Core Plus Fixed Rate Preferred Securities Index
368590,KB KBSTAR 미국나스닥100증권상장지수투자신탁(주식),KBSTAR 미국나스닥100,2020/11/06,NASDAQ 100
437350,KB KBSTAR 미국단기투자등급회사채액티브증권상장지수투자신탁(채권),KBSTAR 미국단기투자등급회사채액티브,2022/07/29,Bloomberg US Corporate 1-5 Years Total Return Index
267440,KB KBSTAR 미국장기국채선물증권상장지수투자신탁(채권-파생형)(H),KBSTAR 미국장기국채선물(H),2017/04/20,S&P U.S. Treasury Bond Futures Excess Return Index
388420,KB KBSTAR 비메모리반도체액티브증권상장지수투자신탁(주식),KBSTAR 비메모리반도체액티브,2021/06/10,iSelect 비메모리반도체 지수(시장가격지수)
140570,KB KBSTAR 수출주증권상장지수투자신탁(주식),KBSTAR 수출주,2011/04/15,MKF 수출주 지수
140580,KB KBSTAR 우량업종대표주증권상장지수투자신탁(주식),KBSTAR 우량업종,2011/04/15,MKF 우량업종대표주 지수
379790,KB KBSTAR 유로스탁스50증권상장지수투자신탁(주식)(H),KBSTAR 유로스탁스50(H),2021/04/09,EURO STOXX 50 Index
183710,KB KBSTAR 주식혼합증권상장지수투자신탁(주식혼합-파생형),KBSTAR 주식혼합,2013/10/17,주식국채혼합(주식형)지수
310080,KB KBSTAR 중국MSCI China증권상장지수투자신탁(주식)(H),KBSTAR 중국MSCI China(H),2018/11/28,MSCI China NTR Index(USD) (Net Total Return)
174360,KB KBSTAR 중국본토대형주CSI100증권상장지수자투자신탁(주식),KBSTAR 중국본토대형주CSI100,2013/06/04,CSI 100
136340,KB KBSTAR 중기우량회사채증권상장지수투자신탁(채권),KBSTAR 중기우량회사채,2011/04/15,KOBI 크레딧 지수(총수익)
281990,KB KBSTAR 중소형고배당증권상장지수투자신탁(주식),KBSTAR 중소형고배당,2017/11/02,FnGuide 중소형고배당포커스 지수
272570,KB KBSTAR 중장기국공채액티브증권상장지수투자신탁(채권),KBSTAR 중장기국공채액티브,2017/06/29,KIS 종합채권국공채4~5Y지수
250730,KB KBSTAR 차이나HSCEI증권상장지수투자신탁(주식)(H),KBSTAR 차이나HSCEI(H),2016/08/10,Hang Seng China H
371150,KB KBSTAR 차이나항셍테크증권상장지수투자신탁(주식),KBSTAR 차이나항셍테크,2020/12/16,Hang Seng TECH Index
183700,KB KBSTAR 채권혼합증권상장지수투자신탁(채권혼합-파생형),KBSTAR 채권혼합,2013/10/17,주식국채혼합(채권형)지수
270810,KB KBSTAR 코스닥150증권상장지수투자신탁(주식),KBSTAR 코스닥150,2017/06/16,코스닥 150
302450,KB KBSTAR 코스피증권상장지수투자신탁(주식),KBSTAR 코스피,2018/07/24,코스피
334690,KB KBSTAR 팔라듐선물특별자산상장지수투자신탁(파생형)(H),KBSTAR 팔라듐선물(H),2019/09/24,S&P GSCI Palladium Excess Return Index
253280,KB KBSTAR 헬스케어증권상장지수투자신탁(주식),KBSTAR 헬스케어,2016/09/23,FnGuide 헬스케어 지수
253290,KB KBSTAR 헬스케어채권혼합증권상장지수투자신탁(채권혼합),KBSTAR 헬스케어채권혼합,2016/09/23,FnGuide 헬스케어 채권혼합 지수
407310,NH-Amundi HANARO 200 TOP10 증권상장지수투자신탁(주식),HANARO 200 TOP10,2021/11/24,코스피 200 Top 10 지수
332930,NH-Amundi HANARO 200 Total Return증권상장지수투자신탁(주식),HANARO 200TR,2019/08/28,코스피 200 TR
293180,NH-Amundi HANARO 200증권상장지수투자신탁[주식],HANARO 200,2018/03/30,코스피 200
395290,NH-Amundi HANARO Fn K-POP&미디어증권상장지수투자신탁(주식),HANARO Fn K-POP&미디어,2021/07/30,FnGuide K-POP & 미디어 지수
395280,NH-Amundi HANARO Fn K-게임증권상장지수투자신탁(주식),HANARO Fn K-게임,2021/07/30,FnGuide K-게임 지수
368190,NH-Amundi HANARO Fn K-뉴딜디지털플러스증권상장지수투자신탁[주식],HANARO Fn K-뉴딜디지털플러스,2020/11/10,FnGuide K-뉴딜 디지털 플러스 지수
402460,NH-Amundi HANARO Fn K-메타버스MZ증권상장지수투자신탁(주식),HANARO Fn K-메타버스MZ,2021/10/13,FnGuide K-메타버스 MZ 지수(시장가격)
395270,NH-Amundi HANARO Fn K-반도체증권상장지수투자신탁(주식),HANARO Fn K-반도체,2021/07/30,FnGuide K-반도체 지수
367740,NH-Amundi HANARO Fn5G산업증권상장지수투자신탁(주식),HANARO Fn5G산업,2020/10/29,FnGuide 5G 산업 지수
407300,NH-Amundi HANARO Fn골프테마 증권상장지수투자신탁(주식),HANARO Fn골프테마,2021/11/24,FnGuide 골프 테마 지수
381560,NH-Amundi HANARO Fn전기&수소차증권상장지수투자신탁(주식),HANARO Fn전기&수소차,2021/04/02,FnGuide 전기&수소차 지수 (시장가격)
381570,NH-Amundi HANARO Fn친환경에너지증권상장지수투자신탁(주식),HANARO Fn친환경에너지,2021/04/02,FnGuide 친환경에너지 지수 (시장가격)
346000,NH-Amundi HANARO KAP 초장기국고채증권상장지수투자신탁(채권-파생형),HANARO KAP초장기국고채,2020/01/16,KAP 초장기 국고채 지수(총수익)
304760,NH-Amundi HANARO KRX300증권상장지수투자신탁[주식],HANARO KRX300,2018/08/14,KRX 300
404470,NH-Amundi HANARO KRX기후변화솔루션증권상장지수투자신탁(주식),HANARO KRX기후변화솔루션,2021/10/29,KRX 기후변화 솔루션지수
332940,NH-Amundi HANARO MSCI Korea Total Return증권상장지수투자신탁(주식),HANARO MSCI Korea TR,2019/08/28,MSCI Korea TR Index
322400,NH-Amundi HANARO e커머스증권상장지수투자신탁[주식],HANARO e커머스,2019/04/23,FnGuide E커머스 지수
322410,NH-Amundi HANARO 고배당증권상장지수투자신탁[주식],HANARO 고배당,2019/04/23,FnGuide 고배당 알파 지수
354350,NH-Amundi HANARO 글로벌럭셔리S&P 증권상장지수투자신탁(주식-파생형)(합성),HANARO 글로벌럭셔리S&P(합성),2020/05/12,S&P Global Luxury Index
432850,NH-Amundi HANARO 글로벌백신치료제MSCI증권상장지수투자신탁(주식-파생형),HANARO 글로벌백신치료제MSCI,2022/06/08,MSCI World IMI Virology Select Index
424460,NH-Amundi HANARO 글로벌워터MSCI 증권상장지수투자신탁[주식-파생형](합성),HANARO 글로벌워터MSCI(합성),2022/04/19,MSCI ACWI IMI Water ESG Filtered (Price Return)
401590,NH-Amundi HANARO 글로벌탄소배출권선물ICE특별자산ETF(탄소배출권-파생형)(합성),HANARO 글로벌탄소배출권선물ICE(합성),2021/09/30,ICE Global Carbon Futures Index(Excess Return)
314700,NH-Amundi HANARO 농업융복합산업증권상장지수투자신탁(주식),HANARO 농업융복합산업,2018/12/21,FnGuide 농업융복합산업 지수(시장가격)
390950,NH-Amundi HANARO 단기채권액티브증권상장지수투자신탁(채권),HANARO 단기채권액티브,2021/06/25,KAP 단기 통안채 지수(총수익)
432840,NH-Amundi HANARO 미국S&P500증권상장지수투자신탁(주식),HANARO 미국S&P500,2022/06/08,S&P 500
419170,NH-Amundi HANARO 미국메타버스iSelect 증권상장지수투자신탁(주식),HANARO 미국메타버스iSelect,2022/02/22,iSelect US 메타버스 지수(시장가격)
434730,NH-Amundi HANARO 원자력iSelect증권상장지수투자신탁(주식),HANARO 원자력iSelect,2022/06/28,iSelect 원자력지수 (시장가격)
304770,NH-Amundi HANARO 코스닥150증권상장지수투자신탁[주식],HANARO 코스닥150,2018/08/14,코스닥 150
375760,NH-Amundi HANARO 탄소효율그린뉴딜증권상장지수투자신탁[주식],HANARO 탄소효율그린뉴딜,2021/02/05,KRX/S&P 탄소효율 그린뉴딜지수
140950,교보악사 파워 K100 증권 상장지수투자신탁(주식),파워 코스피100,2011/05/03,코스피 100
152870,교보악사 파워 K200 증권 상장지수투자신탁(주식),파워 200,2012/02/13,코스피 200
192720,교보악사 파워 고배당저변동성 증권 상장지수투자신탁(주식),파워 고배당저변동성,2014/02/20,코스피 200 고배당지수
434960,대신 대신343 K200증권상장지수투자신탁[주식],대신343 K200,2022/06/28,코스피 200
403790,마이다스 마이다스 KoreaStock액티브증권상장지수투자신탁(주식),마이다스 KoreaStock액티브,2021/10/13,코스피
137930,마이다스 코스피200커버드콜5%OTM증권상장지수투자신탁(주식),마이다스 200커버드콜5%OTM,2011/02/15,코스피 200 커버드콜 5% OTM
407160,메리츠 MASTER TMT테크미디어텔레콤액티브증권상장지수투자신탁(주식),MASTER 테크미디어텔레콤액티브,2021/11/16,FnGuide TMT 지수
407170,메리츠 MASTER 스마트커머스액티브증권상장지수투자신탁(주식),MASTER 스마트커머스액티브,2021/11/16,FnGuide 스마트커머스 지수
310960,미래에셋 TIGER 200 Total Return증권상장지수투자신탁(주식),TIGER 200TR,2018/11/20,코스피 200 TR
227550,미래에셋 TIGER 200 산업재 증권상장지수투자신탁(주식),TIGER 200 산업재,2015/09/23,코스피 200 산업재
227560,미래에셋 TIGER 200 생활소비재 증권상장지수투자신탁(주식),TIGER 200 생활소비재,2015/09/23,코스피 200 생활소비재
102110,미래에셋 TIGER 200 증권상장지수투자신탁(주식),TIGER 200,2008/04/03,코스피 200
252000,미래에셋 TIGER 200동일가중증권상장지수투자신탁(주식),TIGER 200동일가중,2016/09/20,코스피 200 동일가중지수
315270,미래에셋 TIGER 200커뮤니케이션서비스증권상장지수투자신탁(주식),TIGER 200커뮤니케이션서비스,2019/01/15,코스피 200 커뮤니케이션서비스
289480,미래에셋 TIGER 200커버드콜ATM증권상장지수투자신탁(주식-파생형),TIGER 200커버드콜ATM,2018/02/09,코스피 200 커버드콜 ATM 지수
227540,미래에셋 TIGER 200헬스케어증권상장지수투자신탁(주식),TIGER 200 헬스케어,2015/09/23,코스피 200 헬스케어
305540,미래에셋 TIGER 2차전지테마증권상장지수투자신탁(주식),TIGER 2차전지테마,2018/09/12,WISE 2차전지 테마 지수
365040,미래에셋 TIGER AI코리아그로스액티브증권상장지수투자신탁(주식),TIGER AI코리아그로스액티브,2020/09/29,코스피
357870,미래에셋 TIGER CD금리투자KIS특별자산상장지수투자신탁(CD-파생형)(합성),TIGER CD금리투자KIS(합성),2020/07/07,KIS CD Index(총수익)
400970,미래에셋 TIGER Fn메타버스증권상장지수투자신탁(주식),TIGER Fn메타버스,2021/10/13,FnGuide 메타버스테마 지수
396500,미래에셋 TIGER Fn반도체TOP10증권상장지수투자신탁(주식),TIGER Fn반도체TOP10,2021/08/10,FnGuide 반도체TOP10 지수
377990,미래에셋 TIGER Fn신재생에너지증권상장지수투자신탁(주식),TIGER Fn신재생에너지,2021/03/05,FnGuide 신재생에너지 지수
417630,미래에셋 TIGER KEDI혁신기업ESG30증권상장지수투자신탁(주식),TIGER KEDI혁신기업ESG30,2022/02/08,KEDI 혁신기업ESG30 지수(시장가격 지수)
364960,미래에셋 TIGER KRX BBIG K-뉴딜증권상장지수투자신탁(주식),TIGER KRX BBIG K-뉴딜,2020/10/07,KRX BBIG K-뉴딜지수
364980,미래에셋 TIGER KRX2차전지K-뉴딜증권상장지수투자신탁(주식),TIGER KRX2차전지K-뉴딜,2020/10/07,KRX 2차전지 K-뉴딜지수
292160,미래에셋 TIGER KRX300증권상장지수투자신탁(주식),TIGER KRX300,2018/03/26,KRX 300
364990,미래에셋 TIGER KRX게임K-뉴딜증권상장지수투자신탁(주식),TIGER KRX게임K-뉴딜,2020/10/07,KRX 게임 K-뉴딜지수
404540,미래에셋 TIGER KRX기후변화솔루션증권상장지수투자신탁(주식),TIGER KRX기후변화솔루션,2021/10/29,KRX 기후변화 솔루션지수
364970,미래에셋 TIGER KRX바이오K-뉴딜증권상장지수투자신탁(주식),TIGER KRX바이오K-뉴딜,2020/10/07,KRX 바이오 K-뉴딜지수
365000,미래에셋 TIGER KRX인터넷K-뉴딜증권상장지수투자신탁(주식),TIGER KRX인터넷K-뉴딜,2020/10/07,KRX 인터넷 K-뉴딜지수
300610,미래에셋 TIGER K게임증권상장지수투자신탁(주식),TIGER K게임,2018/07/24,WISE K게임 테마 지수
138530,미래에셋 TIGER LG그룹+ 증권상장지수투자신탁(주식),TIGER LG그룹+펀더멘털,2011/03/10,MKF LG그룹+ FW
289260,미래에셋 TIGER MSCI KOREA ESG리더스증권상장지수투자신탁(주식),TIGER MSCI KOREA ESG리더스,2018/02/07,MSCI Korea Country ESG Leaders Capped Index
289250,미래에셋 TIGER MSCI KOREA ESG유니버설증권상장지수투자신탁(주식),TIGER MSCI KOREA ESG유니버설,2018/02/07,MSCI Korea ESG Universal Index
310970,미래에셋 TIGER MSCI Korea Total Return증권상장지수투자신탁(주식),TIGER MSCI Korea TR,2018/11/20,MSCI Korea TR Index
143850,미래에셋 TIGER S&P500선물 증권상장지수투자신탁(주식-파생형),TIGER 미국S&P500선물(H),2011/07/18,S&P 500 Futures Index(ER)
269370,미래에셋 TIGER S&P글로벌인프라증권상장지수투자신탁 (주식-파생형)(합성),TIGER S&P글로벌인프라(합성),2017/05/16,S&P Global Infrastructure Index
292150,미래에셋 TIGER TOP10증권상장지수투자신탁(주식),TIGER TOP10,2018/03/30,FnGuide TOP10 지수
139280,미래에셋 TIGER 경기방어 증권상장지수투자신탁(주식),TIGER 경기방어,2011/04/06,코스피 200 경기방어소비재
237440,미래에셋 TIGER 경기방어혼합 증권상장지수투자신탁(채권혼합),TIGER 경기방어채권혼합,2016/01/27,경기방어소비재 채권혼합 지수
319640,미래에셋 TIGER 골드선물특별자산상장지수투자신탁(금-파생형)(H),TIGER 골드선물(H),2019/04/09,S&P GSCI Gold Index(TR)
160580,미래에셋 TIGER 구리실물 특별자산상장지수투자신탁(금속),TIGER 구리실물,2012/12/17,S&P GSCI Cash Copper Index
114820,미래에셋 TIGER 국채3 증권상장지수투자신탁(채권),TIGER 국채3년,2009/08/27,KTB INDEX(시장가격)
387270,미래에셋 TIGER 글로벌BBIG액티브증권상장지수투자신탁(주식-재간접형),TIGER 글로벌BBIG액티브,2021/05/25,NASDAQ 100
412770,미래에셋 TIGER 글로벌메타버스액티브증권상장지수투자신탁(주식),TIGER 글로벌메타버스액티브,2021/12/22,Indxx Global Metaverse Index (Price Return)
418670,미래에셋 TIGER 글로벌사이버보안INDXX증권상장지수투자신탁(주식),TIGER 글로벌사이버보안INDXX,2022/02/22,Indxx Cybersecurity 지수 (총수익)
371450,미래에셋 TIGER 글로벌클라우드컴퓨팅INDXX증권상장지수투자신탁(주식-파생형),TIGER 글로벌클라우드컴퓨팅INDXX,2020/12/08,Indxx Global Cloud Computing Index(Net Total Return)
248270,미래에셋 TIGER 글로벌헬스케어 증권상장지수투자신탁(주식-파생형)(합성),TIGER S&P글로벌헬스케어(합성),2016/07/01,S&P Global 1200 Health Care Index
139310,미래에셋 TIGER 금속선물 특별자산상장지수투자신탁(금속-파생형),TIGER 금속선물(H),2011/04/08,S&P GSCI Industrial Metals Select Index(TR)
139320,미래에셋 TIGER 금은선물 특별자산상장지수투자신탁(금속-파생형),TIGER 금은선물(H),2011/04/08,S&P GSCI Precious Metals Index(TR)
133690,미래에셋 TIGER 나스닥100 증권상장지수투자신탁(주식),TIGER 미국나스닥100,2010/10/18,NASDAQ 100
137610,미래에셋 TIGER 농산물선물 특별자산상장지수투자신탁(농산물-파생형),TIGER 농산물선물Enhanced(H),2011/01/11,S&P GSCI Agriculture Enhanced Index(ER)
272580,미래에셋 TIGER 단기채권액티브증권상장지수투자신탁(채권),TIGER 단기채권액티브,2017/06/29,KIS MSB 3M PLUS 지수(총수익)
157450,미래에셋 TIGER 단기통안채증권상장지수투자신탁(채권),TIGER 단기통안채,2012/05/16,KIS 통안채 3개월(총수익)
105010,미래에셋 TIGER 라틴 증권상장지수투자신탁(주식),TIGER 라틴35,2008/08/27,BNY Latin America 35 ADR
341850,미래에셋 TIGER 리츠부동산인프라채권TR KIS부동산상장지수투자신탁(재간접형),TIGER 리츠부동산인프라채권TR KIS,2020/05/22,KIS 리츠부동산인프라채권TR 지수
329200,미래에셋 TIGER 리츠부동산인프라혼합자산상장지수투자신탁(재간접형),TIGER 리츠부동산인프라,2019/07/19,FnGuide 리츠부동산인프라
147970,미래에셋 TIGER 모멘텀 증권상장지수투자신탁(주식),TIGER 모멘텀,2011/10/26,FnGuide 모멘텀 지수
429000,미래에셋 TIGER 미국S&P500배당귀족증권상장지수투자신탁(주식),TIGER 미국S&P500배당귀족,2022/05/17,S&P 500 Dividend Aristocrats 지수 (Price Return)
360750,미래에셋 TIGER 미국S&P500증권상장지수투자신탁(주식),TIGER 미국S&P500,2020/08/07,S&P 500
435420,미래에셋 TIGER 미국나스닥100TR채권혼합Fn증권상장지수투자신탁(채권혼합),TIGER 미국나스닥100TR채권혼합Fn,2022/07/06,FnGuide 나스닥100 채권혼합 지수(총수익 지수)
429010,미래에셋 TIGER 미국나스닥넥스트100증권상장지수투자신탁(주식),TIGER 미국나스닥넥스트100,2022/05/17,Nasdaq Next Generation 100 지수 (Price Return)
245340,미래에셋 TIGER 미국다우존스30 증권상장지수투자신탁(주식-파생형),TIGER 미국다우존스30,2016/07/01,Dow Jones Industrial Average
329750,미래에셋 TIGER 미국달러단기채권액티브증권상장지수투자신탁(채권-파생형),TIGER 미국달러단기채권액티브,2019/07/24,KIS U.S. TREASURY BOND 0-1Y 지수(총수익)
305080,미래에셋 TIGER 미국채10년선물증권상장지수투자신탁(채권-파생형),TIGER 미국채10년선물,2018/08/30,S&P 10-Year U.S. Treasury Note Futures(ER)
381170,미래에셋 TIGER 미국테크TOP10 INDXX증권상장지수투자신탁(주식),TIGER 미국테크TOP10 INDXX,2021/04/09,Indxx US Tech Top 10 Index
381180,미래에셋 TIGER 미국필라델피아반도체나스닥증권상장지수투자신탁(주식),TIGER 미국필라델피아반도체나스닥,2021/04/09,PHLX Semiconductor Sector Index
228810,미래에셋 TIGER 미디어컨텐츠 증권상장지수투자신탁(주식),TIGER 미디어컨텐츠,2015/10/07,WISE 미디어컨텐츠 지수
091230,미래에셋 TIGER 반도체 증권상장지수투자신탁(주식),TIGER 반도체,2006/06/27,KRX 반도체
098560,미래에셋 TIGER 방송통신증권상장지수투자신탁(주식),TIGER 방송통신,2007/09/07,KRX 방송통신
138520,미래에셋 TIGER 삼성그룹 증권상장지수투자신탁(주식),TIGER 삼성그룹펀더멘털,2011/03/07,MKF SAMs FW
157490,미래에셋 TIGER 소프트웨어 증권상장지수투자신탁(주식),TIGER 소프트웨어,2012/05/16,FnGuide 소프트웨어 지수
228800,미래에셋 TIGER 여행레저 증권상장지수투자신탁(주식),TIGER 여행레저,2015/10/07,WISE 여행레저 지수
227570,미래에셋 TIGER 우량가치 증권상장지수투자신탁(주식),TIGER 우량가치,2015/09/23,FnGuide 퀄리티밸류 지수
261140,미래에셋 TIGER 우선주증권상장지수투자신탁(주식),TIGER 우선주,2017/01/06,코스피 우선주 지수
130680,미래에셋 TIGER 원유선물 특별자산상장지수투자신탁(원유-파생형),TIGER 원유선물Enhanced(H),2010/08/02,S&P GSCI Crude Oil Enhanced Index ER
245350,미래에셋 TIGER 유로스탁스배당30 증권상장지수투자신탁(주식-파생형),TIGER 유로스탁스배당30,2016/07/01,Euro STOXX Select Dividend 30
091220,미래에셋 TIGER 은행 증권상장지수투자신탁(주식),TIGER 은행,2006/06/27,KRX 은행
307510,미래에셋 TIGER 의료기기증권상장지수투자신탁(주식),TIGER 의료기기,2018/11/08,FnGuide 의료기기 지수
241180,미래에셋 TIGER 일본니케이225증권상장지수투자신탁(주식-파생형),TIGER 일본니케이225,2016/03/31,Nikkei 225
292560,미래에셋 TIGER 일본엔선물특별자산상장지수투자신탁(엔-파생형),TIGER 일본엔선물,2018/04/17,엔선물지수
248260,미래에셋 TIGER 일본헬스케어 증권상장지수투자신탁(주식-파생형)(합성),TIGER 일본TOPIX헬스케어(합성),2016/07/01,TOPIX-17 Pharmaceutical Index
150460,미래에셋 TIGER 중국소비테마 증권상장지수투자신탁(주식),TIGER 중국소비테마,2011/12/16,FnGuide 중국내수테마 지수
302190,미래에셋 TIGER 중장기국채증권상장지수투자신탁(채권-파생형),TIGER 중장기국채,2018/07/20,KIS 국채 3-10년 지수(시장가격지수)
157500,미래에셋 TIGER 증권 증권상장지수투자신탁(주식),TIGER 증권,2012/05/16,FnGuide 증권 지수
307520,미래에셋 TIGER 지주회사증권상장지수투자신탁(주식),TIGER 지주회사,2018/11/08,FnGuide 지주회사 지수
117690,미래에셋 TIGER 차이나 증권상장지수투자신탁(주식),TIGER 차이나항셍25,2009/10/21,Hang Seng China (Hong Kong-listed) 25 Index
245360,미래에셋 TIGER 차이나H증권상장지수투자신탁(주식-파생형),TIGER 차이나HSCEI,2016/06/16,Hang Seng China H
414780,미래에셋 TIGER 차이나과창판STAR50증권상장지수투자신탁(주식-파생형)(합성),TIGER 차이나과창판STAR50(합성),2022/01/13,STAR 50 Index(Price Return)
371470,미래에셋 TIGER 차이나바이오테크SOLACTIVE증권상장지수투자신탁(주식-파생형),TIGER 차이나바이오테크SOLACTIVE,2020/12/08,Solactive China Biotech Index(Net Total Return)
396520,미래에셋 TIGER 차이나반도체FACTSET증권상장지수투자신탁(주식-파생형),TIGER 차이나반도체FACTSET,2021/08/10,FactSet China Semiconductor 지수(Net Total Return)
371460,미래에셋 TIGER 차이나전기차SOLACTIVE증권상장지수투자신탁(주식-파생형),TIGER 차이나전기차SOLACTIVE,2020/12/08,Solactive China Electric Vehicle Index(Net Total Return)
396510,미래에셋 TIGER 차이나클린에너지SOLACTIVE증권상장지수투자신탁(주식-파생형),TIGER 차이나클린에너지SOLACTIVE,2021/08/10,Solactive China Clean Energy 지수(Net Total Return)
371160,미래에셋 TIGER 차이나항셍테크증권상장지수투자신탁(주식),TIGER 차이나항셍테크,2020/12/16,Hang Seng TECH Index
166400,미래에셋 TIGER 커버드콜5%OTM증권상장지수투자신탁(주식-파생형),TIGER 200커버드콜5%OTM,2012/10/25,코스피 200 커버드콜 5% OTM
232080,미래에셋 TIGER 코스닥150 증권상장지수투자신탁(주식),TIGER 코스닥150,2015/11/12,코스닥 150
261060,미래에셋 TIGER 코스닥150IT증권상장지수투자신탁(주식),TIGER 코스닥150IT,2016/12/15,코스닥 150 정보기술
261070,미래에셋 TIGER 코스닥150바이오테크증권상장지수투자신탁(주식),TIGER 코스닥150바이오테크,2016/12/15,코스닥 150 헬스케어
277640,미래에셋 TIGER 코스피대형주증권상장지수투자신탁(주식),TIGER 코스피대형주,2017/08/31,코스피 대형주
277650,미래에셋 TIGER 코스피중형주증권상장지수투자신탁(주식),TIGER 코스피중형주,2017/08/31,코스피 중형주
277630,미래에셋 TIGER 코스피증권상장지수투자신탁(주식),TIGER 코스피,2017/08/31,코스피
376410,미래에셋 TIGER 탄소효율그린뉴딜증권상장지수투자신탁(주식),TIGER 탄소효율그린뉴딜,2021/02/05,KRX/S&P 탄소효율 그린뉴딜지수
387280,미래에셋 TIGER 퓨처모빌리티액티브증권상장지수투자신탁(주식),TIGER 퓨처모빌리티액티브,2021/05/25,FnGuide 퓨처모빌리티 지수
143860,미래에셋 TIGER 헬스케어 증권상장지수투자신탁(주식),TIGER 헬스케어,2011/07/18,KRX 헬스케어
138540,미래에셋 TIGER 현대차그룹+ 증권상장지수투자신탁(주식),TIGER 현대차그룹+펀더멘털,2011/03/10,MKF 현대차그룹+ FW
228790,미래에셋 TIGER 화장품 증권상장지수투자신탁(주식),TIGER 화장품,2015/10/07,WISE 화장품 지수
394670,미래에셋 TIGER글로벌리튬&2차전지SOLACTIVE증권상장지수투자신탁(주식-파생형)(합성),TIGER 글로벌리튬&2차전지SOLACTIVE(합성),2021/07/20,Solactive Global Lithium 지수(Net Total Return)
394660,미래에셋 TIGER글로벌자율주행&전기차SOLACTIVE증권상장지수투자신탁(주식-파생형),TIGER 글로벌자율주행&전기차SOLACTIVE,2021/07/20,Solactive Autonomous & Electric Vehicles 지수(Net Total Return)
276000,미래에셋 TIGER모닝스타글로벌자원생산기업증권상장지수투자신탁(주식-파생형)(합성H),TIGER 글로벌자원생산기업(합성 H),2017/08/01,MorningStar Global Upstream Resources Index(PR)
139260,미래에셋TIGER200IT증권상장지수투자신탁(주식),TIGER 200 IT,2011/04/06,코스피 200 정보기술
139220,미래에셋TIGER200건설증권상장지수투자신탁(주식),TIGER 200 건설,2011/04/06,코스피 200 건설
139290,미래에셋TIGER200경기소비재증권상장지수투자신탁(주식),TIGER 200 경기소비재,2011/04/06,코스피 200 경기소비재
139270,미래에셋TIGER200금융증권상장지수투자신탁(주식),TIGER 200 금융,2011/04/06,코스피 200 금융
139250,미래에셋TIGER200에너지화학증권상장지수투자신탁(주식),TIGER 200 에너지화학,2011/04/06,코스피 200 에너지/화학
139230,미래에셋TIGER200중공업증권상장지수투자신탁(주식),TIGER 200 중공업,2011/04/06,코스피 200 중공업
139240,미래에셋TIGER200철강소재증권상장지수투자신탁(주식),TIGER 200 철강소재,2011/04/06,코스피 200 철강/소재
228820,미래에셋TIGERKTOP30증권상장지수투자신탁(주식),TIGER KTOP30,2015/10/14,KTOP 30
182480,미래에셋TIGERMSCIUS리츠부동산상장지수투자신탁(파생형)(합성 H),TIGER 미국MSCI리츠(합성 H),2013/10/10,MSCI US REIT Index
217790,미래에셋TIGER가격조정증권상장지수투자신탁(주식),TIGER 가격조정,2015/04/29,FnGuide Contrarian Index
203780,미래에셋TIGER나스닥바이오증권상장지수투자신탁(주식),TIGER 미국나스닥바이오,2014/08/27,NASDAQ Biotechnology 지수(시장가격지수)
182490,미래에셋TIGER단기선진국하이일드증권상장지수투자신탁(채권-파생형)(합성 H),TIGER 단기선진하이일드(합성 H),2014/03/24,Markit iBoxx USD Liquid High Yield 0-5 year 지수
174350,미래에셋TIGER로우볼증권상장지수투자신탁(주식),TIGER 로우볼,2013/06/20,FnGuide Low Vol 지수
275980,미래에셋TIGER모닝스타글로벌4차산업혁신기술증권상장지수투자신탁(주식-파생형)합성H,TIGER 글로벌4차산업혁신기술(합성 H),2017/08/01,MorningStar Exponential Technologies Index(PR)
211560,미래에셋TIGER배당성장증권상장지수투자신탁(주식),TIGER 배당성장,2014/12/17,코스피 배당성장 50
195930,미래에셋TIGER유로스탁스50증권상장지수투자신탁(주식-파생형)(합성 H),TIGER 유로스탁스50(합성 H),2014/04/30,EURO STOXX 50 Index
195920,미래에셋TIGER일본증권상장지수투자신탁(주식-파생형)(합성 H),TIGER 일본TOPIX(합성 H),2014/04/30,TOPIX
192090,미래에셋TIGER차이나A300증권상장지수자투자신탁(주식-파생형),TIGER 차이나CSI300,2014/02/17,CSI 300 Index
210780,미래에셋TIGER코스피고배당증권상장지수투자신탁(주식),TIGER 코스피고배당,2014/12/05,코스피 고배당 50
285690,브이아이 FOCUS ESG Leaders150증권상장지수투자신탁[주식],FOCUS ESG리더스,2017/12/13,KRX ESG Leaders 150
292730,브이아이 FOCUS KRX300증권상장지수투자신탁[주식],FOCUS KRX300,2018/03/26,KRX 300
402520,브이아이 FOCUS 혁신기업액티브증권상장지수투자신탁[주식],FOCUS 혁신기업액티브,2021/09/30,코스피
278530,삼성 KODEX 200 Total Return증권상장지수투자신탁[주식],KODEX 200TR,2017/11/21,코스피 200 TR
226980,삼성 KODEX 200 중소형 증권상장지수투자신탁(주식),KODEX 200 중소형,2015/09/01,코스피 200 중소형주지수
337160,삼성 KODEX 200ESG증권상장지수투자신탁[주식],KODEX 200ESG,2019/11/14,코스피 200 ESG 지수
363580,삼성 KODEX 200IT Total Return증권상장지수투자신탁[주식],KODEX 200IT TR,2020/09/25,코스피200 정보기술 TR
337150,삼성 KODEX 200exTOP증권상장지수투자신탁[주식],KODEX 200exTOP,2019/11/14,코스피 200 초대형제외 지수
223190,삼성 KODEX 200가치저변동증권상장지수투자신탁[주식],KODEX 200가치저변동,2015/06/26,코스피 200 가치저변동성
237350,삼성 KODEX 200대형증권상장지수투자신탁(주식),KODEX 코스피100,2016/01/27,코스피 100
252650,삼성 KODEX 200동일가중증권상장지수투자신탁[주식],KODEX 200동일가중,2016/09/20,코스피 200 동일가중지수
360140,삼성 KODEX 200롱코스닥150숏선물증권상장지수투자신탁[주식-파생형],KODEX 200롱코스닥150숏선물,2020/08/21,코스피200 롱 100% 코스닥150 숏 100% 선물지수
305720,삼성 KODEX 2차전지산업증권상장지수투자신탁[주식],KODEX 2차전지산업,2018/09/12,FnGuide 2차전지 산업 지수
271060,삼성 KODEX 3대농산물선물특별자산상장지수투자신탁[농산물-파생형](H),KODEX 3대농산물선물(H),2017/06/13,S&P GSCI Grains Select Index ER
368680,삼성 KODEX Fn K-뉴딜디지털플러스증권상장지수투자신탁[주식],KODEX Fn K-뉴딜디지털플러스,2020/11/10,FnGuide K-뉴딜 디지털 플러스 지수
395170,삼성 KODEX Fn Top10동일가중증권상장지수투자신탁[주식],KODEX Fn Top10동일가중,2021/07/30,FnGuide TOP10 동일가중 지수
337120,삼성 KODEX Fn멀티팩터증권상장지수투자신탁[주식],KODEX Fn멀티팩터,2019/11/14,FnGuide 멀티팩터 지수
325010,삼성 KODEX Fn성장증권상장지수투자신탁[주식형],KODEX Fn성장,2019/05/31,FnGuide 성장 지수(PR)
395160,삼성 KODEX Fn시스템반도체증권상장지수투자신탁[주식],KODEX Fn시스템반도체,2021/07/30,FnGuide 시스템반도체 지수
395150,삼성 KODEX Fn웹툰&드라마증권상장지수투자신탁[주식],KODEX Fn웹툰&드라마,2021/07/30,FnGuide 웹툰&드라마 지수
266370,삼성 KODEX IT증권상장지수투자신탁(주식),KODEX IT,2017/03/28,KRX 정보기술
101280,삼성 KODEX Japan 증권상장지수투자신탁[주식],KODEX 일본TOPIX100,2008/02/20,TOPIX100
401470,삼성 KODEX K-메타버스액티브증권상장지수투자신탁[주식],KODEX K-메타버스액티브,2021/10/13,FnGuide K-메타버스 지수
385520,삼성 KODEX K-미래차액티브증권상장지수투자신탁[주식],KODEX K-미래차액티브,2021/05/25,FnGuide K-미래차 지수
385510,삼성 KODEX K-신재생에너지액티브증권상장지수투자신탁[주식],KODEX K-신재생에너지액티브,2021/05/25,FnGuide K-신재생에너지 플러스 지수
373490,삼성 KODEX K-이노베이션액티브증권상장지수투자신탁[주식],KODEX K-이노베이션액티브,2020/12/24,FnGuide K-이노베이션 지수
423160,삼성 KODEX KOFR금리액티브특별자산상장지수투자신탁[금리-파생형](합성),KODEX KOFR금리액티브(합성),2022/04/26,KOFR 지수
292190,삼성 KODEX KRX300증권상장지수투자신탁[주식형],KODEX KRX300,2018/03/26,KRX 300
404260,삼성 KODEX KRX기후변화솔루션증권상장지수투자신탁[주식],KODEX KRX기후변화솔루션,2021/10/29,KRX 기후변화 솔루션지수
229720,삼성 KODEX KTOP30 증권상장지수투자신탁[주식],KODEX KTOP30,2015/10/14,KTOP 30
289040,삼성 KODEX MSCI ESG유니버설증권상장지수투자신탁[주식형],KODEX MSCI KOREA ESG유니버설,2018/02/07,MSCI Korea ESG Universal Capped Index
156080,삼성 KODEX MSCI KOREA 증권상장지수투자신탁[주식],KODEX MSCI Korea,2012/04/30,MSCI Korea Index
278540,삼성 KODEX MSCI Korea Total Return증권상장지수투자신탁[주식],KODEX MSCI Korea TR,2017/11/09,MSCI Korea TR Index
251350,삼성 KODEX MSCI World 증권상장지수투자신탁[주식],KODEX 선진국MSCI World,2016/08/17,MSCI World
275280,삼성 KODEX MSCI모멘텀증권상장지수투자신탁[주식형],KODEX MSCI모멘텀,2017/07/11,MSCI Korea IMI Momentum Capped
275290,삼성 KODEX MSCI밸류증권상장지수투자신탁[주식형],KODEX MSCI밸류,2017/07/11,MSCI Korea IMI Enhanced Value Capped
275300,삼성 KODEX MSCI퀄리티증권상장지수투자신탁[주식형],KODEX MSCI퀄리티,2017/07/11,MSCI Korea IMI Quality Capped
269420,삼성 KODEX S&P글로벌인프라증권상장지수투자신탁[주식-파생형](합성),KODEX S&P글로벌인프라(합성),2017/05/16,S&P Global Infrastructure Index
291890,삼성 KODEX SGX MSCI EM 선물증권상장지수투자신탁[주식-파생형](H),KODEX MSCI EM선물(H),2018/03/23,iEdge Emerging Markets Futures Index(ER)
433970,삼성 KODEX TDF2030액티브증권상장지수투자신탁[혼합-재간접형],KODEX TDF2030액티브,2022/06/30,Samsung Korea Target Date 2030 Index (Price Return)
433980,삼성 KODEX TDF2040액티브증권상장지수투자신탁[혼합-재간접형],KODEX TDF2040액티브,2022/06/30,Samsung Korea Target Date 2040 Index (Price Return)
434060,삼성 KODEX TDF2050액티브증권상장지수투자신탁[혼합-재간접형],KODEX TDF2050액티브,2022/06/30,Samsung Korea Target Date 2050 Index (Price Return)
329650,삼성 KODEX TRF3070증권상장지수투자신탁[채권혼합],KODEX TRF3070,2019/07/04,FnGuide TRF 3070 지수
329660,삼성 KODEX TRF5050증권상장지수투자신탁[주식혼합-재간접],KODEX TRF5050,2019/07/04,FnGuide TRF 5050 지수
329670,삼성 KODEX TRF7030증권상장지수투자신탁[주식혼합-재간접],KODEX TRF7030,2019/07/04,FnGuide TRF 7030 지수
352540,삼성 KODEX TSE일본리츠부동산상장지수투자신탁[REITs-파생재간접형](H),KODEX TSE일본리츠(H),2020/05/13,Tokyo Stock Exchange REIT Index
315930,삼성 KODEX Top5Plus Total Return증권상장지수투자신탁[주식형],KODEX Top5PlusTR,2019/01/22,FnGuide TOP 5 Plus Total Return 지수
261220,삼성 KODEX WTI원유선물특별자산상장지수투자신탁[원유-파생형](H),KODEX WTI원유선물(H),2016/12/27,S&P GSCI Crude Oil Index ER
300950,삼성 KODEX 게임산업증권상장지수투자신탁[주식],KODEX 게임산업,2018/07/24,FnGuide 게임 산업 지수
266390,삼성 KODEX 경기소비재증권상장지수투자신탁[주식형],KODEX 경기소비재,2017/03/28,KRX 경기소비재
279530,삼성 KODEX 고배당증권상장지수투자신탁[주식],KODEX 고배당,2017/10/17,FnGuide 고배당 Plus 지수
132030,삼성 KODEX 골드선물특별자산상장지수투자신탁(금-파생형)(H),KODEX 골드선물(H),2010/10/01,S&P GSCI Gold Index(TR)
138910,삼성 KODEX 구리선물특별자산상장지수투자신탁(구리-파생형)(H),KODEX 구리선물(H),2011/03/15,S&P GSCI North American Copper Index(TR)
114260,삼성 KODEX 국고채권 증권상장지수투자신탁[채권],KODEX 국고채3년,2009/07/29,MKF 국고채지수(총수익)
276990,삼성 KODEX 글로벌4차산업로보틱스증권상장지수투자신탁(주식-파생형)(합성),KODEX 글로벌4차산업로보틱스(합성),2017/08/17,ROBO Global Robotics & Automation UCITS Price Return Index
102960,삼성 KODEX 기계장비증권상장지수투자신탁[주식],KODEX 기계장비,2008/05/29,KRX 기계장비
352560,삼성 KODEX 다우존스미국리츠부동산상장지수투자신탁[REITs-파생재간접형](H),KODEX 다우존스미국리츠(H),2020/05/13,Dow Jones U.S. Real Estate PR Index
273140,삼성 KODEX 단기변동금리부채권액티브증권상장지수투자신탁[채권],KODEX 단기변동금리부채권액티브,2017/06/29,KAP 단기변동금리부은행채권지수
244620,삼성 KODEX 모멘텀PLUS증권상장지수투자신탁[주식],KODEX 모멘텀Plus,2016/05/13,FnGuide 모멘텀 Plus 지수
428560,삼성 KODEX 미국ETF산업Top10 Indxx증권상장지수투자신탁[주식],KODEX 미국ETF산업Top10 Indxx,2022/05/17,Indxx US ETF Industry Top10 Index(Price Return)
314250,삼성 KODEX 미국FANG플러스증권상장지수투자신탁[주식-파생형](H),KODEX 미국FANG플러스(H),2019/01/10,NYSE FANG+TM Index
379800,삼성 KODEX 미국S&P500 Total Return증권상장지수투자신탁[주식],KODEX 미국S&P500TR,2021/04/09,S&P 500 Total Return Index
276970,삼성 KODEX 미국S&P고배당커버드콜증권상장지수투자신탁[주식-파생형](합성 H),KODEX 미국S&P고배당커버드콜(합성 H),2017/08/10,S&P500 Dividend Aristocrats Covered Call(7.2% Premium) Index
379810,삼성 KODEX 미국나스닥100 Total Return증권상장지수투자신탁[주식],KODEX 미국나스닥100TR,2021/04/09,NASDAQ-100 Total Return Index
304940,삼성 KODEX 미국나스닥100선물증권상장지수투자신탁[주식-파생형](H),KODEX 미국나스닥100선물(H),2018/08/30,NASDAQ 100
261240,삼성 KODEX 미국달러선물특별자산상장지수투자신탁(미국달러-파생형),KODEX 미국달러선물,2016/12/27,미국달러선물지수
280930,삼성 KODEX 미국러셀2000증권상장지수투자신탁[주식-파생형](H),KODEX 미국러셀2000(H),2017/11/09,FTSE Russell 2000 Index
411420,삼성 KODEX 미국메타버스나스닥액티브증권상장지수투자신탁[주식],KODEX 미국메타버스나스닥액티브,2021/12/22,Nasdaq Yewno Metaverse Index (Price Return)
390390,삼성 KODEX 미국반도체MV증권상장지수투자신탁[주식],KODEX 미국반도체MV,2021/06/30,MVIS US Listed Semiconductor 25 Index
390400,삼성 KODEX 미국스마트모빌리티S&P증권상장지수투자신탁[주식],KODEX 미국스마트모빌리티S&P,2021/06/30,S&P Kensho Smart Transportation
218420,삼성 KODEX 미국에너지 증권상장지수투자신탁[주식-파생형](합성),KODEX 미국S&P에너지(합성),2015/04/28,S&P Select Sector Energy Index
308620,삼성 KODEX 미국채10년선물증권상장지수투자신탁[채권-파생형],KODEX 미국채10년선물,2018/10/19,S&P 10-Year U.S. Treasury Note Futures KRW(ER)
304660,삼성 KODEX 미국채울트라30년선물증권상장지수투자신탁[채권-파생형](H),KODEX 미국채울트라30년선물(H),2018/09/12,S&P Ultra T-Bond Futures Index(ER)
419420,삼성 KODEX 미국클린에너지나스닥증권상장지수투자신탁[주식],KODEX 미국클린에너지나스닥,2022/03/22,Nasdaq Clean Edge Green Energy Index (Price Return)
266360,삼성 KODEX 미디어&엔터테인먼트증권상장지수투자신탁(주식),KODEX 미디어&엔터테인먼트,2017/03/28,KRX 미디어&엔터테인먼트
244580,삼성 KODEX 바이오증권상장지수투자신탁[주식],KODEX 바이오,2016/05/13,FnGuide 바이오 지수
091160,삼성 KODEX 반도체 증권상장지수투자신탁[주식],KODEX 반도체,2006/06/27,KRX 반도체
325020,삼성 KODEX 배당가치증권상장지수투자신탁[주식형],KODEX 배당가치,2019/05/31,FnGuide SLV 배당가치 지수
211900,삼성 KODEX 배당성장 증권상장지수투자신탁(주식),KODEX 배당성장,2014/12/17,코스피 배당성장 50
237370,삼성 KODEX 배당성장채권혼합 증권상장지수투자신탁(채권혼합),KODEX 배당성장채권혼합,2016/01/27,배당성장채권혼합지수
244670,삼성 KODEX 밸류PLUS증권상장지수투자신탁[주식],KODEX 밸류Plus,2016/05/13,FnGuide 벨류 Plus 지수
102780,삼성 KODEX 삼성그룹주 증권상장지수투자신탁[주식],KODEX 삼성그룹,2008/05/21,삼성그룹
400570,삼성 KODEX 유럽탄소배출권선물ICE특별자산상장지수투자신탁[탄소배출권-파생형](H),KODEX 유럽탄소배출권선물ICE(H),2021/09/30,ICE EUA Carbon Futures Index(Excess Return)
144600,삼성 KODEX 은선물특별자산상장지수투자신탁(은-파생형)(H),KODEX 은선물(H),2011/07/18,S&P GSCI Silver Index(TR)
091170,삼성 KODEX 은행 증권상장지수투자신탁[주식],KODEX 은행,2006/06/27,KRX 은행
091180,삼성 KODEX 자동차 증권상장지수투자신탁[주식],KODEX 자동차,2006/06/27,KRX 자동차
363570,삼성 KODEX 장기종합채권(AA-이상)액티브KAP증권상장지수투자신탁[채권],KODEX 장기종합채권(AA-이상)액티브KAP,2020/09/25,"KAP 한국장기종합채권지수(AA-이상, 총수익)"
273130,삼성 KODEX 종합채권(AA-이상)액티브증권상장지수투자신탁[채권],KODEX 종합채권(AA-이상)액티브,2017/06/29,KAP 한국종합채권지수
102970,삼성 KODEX 증권주 증권상장지수투자신탁[주식],KODEX 증권,2008/05/29,KRX 증권
419430,삼성 KODEX 차이나2차전지MSCI증권상장지수투자신탁[주식-파생형](합성),KODEX 차이나2차전지MSCI(합성),2022/03/22,MSCI China all shares IMI Select Batteries Index(Price Return)
283580,삼성 KODEX 차이나CSI300증권상장지수투자신탁[주식-파생형],KODEX 차이나CSI300,2017/12/13,CSI 300 Index
169950,삼성 KODEX 차이나FTSE China A50증권상장지수투자신탁[주식-파생형],KODEX 차이나A50,2013/01/21,FTSE China A50 Index
099140,삼성 KODEX 차이나H증권상장지수투자신탁[주식],KODEX 차이나H,2007/10/10,Hang Seng China H
415340,삼성 KODEX 차이나과창판STAR50증권상장지수투자신탁[주식-파생형](합성),KODEX 차이나과창판STAR50(합성),2022/01/13,STAR 50 Index(Price Return)
428510,삼성 KODEX 차이나메타버스액티브증권상장지수투자신탁[주식],KODEX 차이나메타버스액티브,2022/05/17,Bloomberg Greater China Media & Tech Index(Price Return)
256750,삼성 KODEX 차이나심천ChiNext증권상장지수투자신탁[주식-파생형](합성),KODEX 차이나심천ChiNext(합성),2016/11/08,SZSE ChiNext Price Index
372330,삼성 KODEX 차이나항셍테크증권상장지수투자신탁[주식],KODEX 차이나항셍테크,2020/12/16,Hang Seng TECH Index
279540,삼성 KODEX 최소변동성증권상장지수투자신탁[주식],KODEX 최소변동성,2017/10/17,KRX 최소변동성지수
229200,삼성 KODEX 코스닥 150 증권상장지수투자신탁(주식),KODEX 코스닥150,2015/10/01,코스닥 150
360150,삼성 KODEX 코스닥150롱코스피200숏선물증권상장지수투자신탁[주식-파생형],KODEX 코스닥150롱코스피200숏선물,2020/08/21,코스닥150 롱 100% 코스피200 숏 100% 선물지수
226490,삼성 KODEX 코스피 증권상장지수투자신탁(신탁),KODEX 코스피,2015/08/24,코스피
359210,삼성 KODEX 코스피TotalReturn증권상장지수투자신탁[주식],KODEX 코스피TR,2020/07/21,코스피 TR
337140,삼성 KODEX 코스피대형주증권상장지수투자신탁[주식],KODEX 코스피대형주,2019/11/14,코스피 대형주
138920,삼성 KODEX 콩선물특별자산상장지수투자신탁(콩-파생형)(H),KODEX 콩선물(H),2011/03/15,S&P GSCI Soybeans Index(TR)
244660,삼성 KODEX 퀄리티PLUS증권상장지수투자신탁[주식],KODEX 퀄리티Plus,2016/05/13,FnGuide 퀄리티 Plus 지수
375770,삼성 KODEX 탄소효율그린뉴딜증권상장지수투자신탁[주식],KODEX 탄소효율그린뉴딜,2021/02/05,KRX/S&P 탄소효율 그린뉴딜지수
266410,삼성 KODEX 필수소비재증권상장지수투자신탁[주식형],KODEX 필수소비재,2017/03/28,KRX 필수소비재
298770,삼성 KODEX 한국대만IT프리미어증권상장지수투자신탁[주식-파생형],KODEX 한국대만IT프리미어,2018/06/11,한국 대만 IT 프리미어지수
266420,삼성 KODEX 헬스케어증권상장지수투자신탁[주식형],KODEX 헬스케어,2017/03/28,KRX 헬스케어
364690,삼성 KODEX 혁신기술테마액티브증권상장지수투자신탁[주식],KODEX 혁신기술테마액티브,2020/09/29,코스피
069500,삼성 KODEX200 증권상장지수투자신탁[주식],KODEX 200,2002/10/14,코스피 200
284430,삼성 KODEX200미국채혼합증권상장지수투자신탁[채권혼합-파생형],KODEX 200미국채혼합,2017/11/30,코스피 200 미국채 혼합지수
321410,삼성 KODEX모닝스타멀티에셋하이인컴증권상장지수투자신탁[채권혼합-파생재간접형](H),KODEX 멀티에셋하이인컴(H),2019/06/05,Morningstar Multi-Asset High Income 10% Capped Index
219480,삼성KODEX S&P500선물증권상장지수투자신탁[주식-파생형](H),KODEX 미국S&P500선물(H),2015/05/29,S&P 500 Futures Total Return Index
152380,삼성KODEX10년국채선물증권상장지수투자신탁[채권-파생형],KODEX 국채선물10년,2012/01/20,10년국채선물지수
117700,삼성KODEX건설증권상장지수투자신탁[주식],KODEX 건설,2009/10/30,KRX 건설
214980,삼성KODEX단기채권PLUS증권상장지수투자신탁[채권],KODEX 단기채권PLUS,2015/03/03,KRW Cash PLUS 지수(총수익)
153130,삼성KODEX단기채권증권상장지수투자신탁[채권],KODEX 단기채권,2012/02/22,KRW Cash 지수(총수익)
185680,삼성KODEX미국바이오테크증권상장지수투자신탁[주식-파생형](합성),KODEX 미국S&P바이오(합성),2013/10/31,S&P Biotechnology Select Industry Index
200030,삼성KODEX미국산업재증권상장지수투자신탁[주식-파생형](합성),KODEX 미국S&P산업재(합성),2014/06/12,S&P Select Sector Industrial Index
140700,삼성KODEX보험증권상장지수투자신탁[주식],KODEX 보험,2011/04/26,KRX 보험
213610,삼성KODEX삼성그룹밸류증권상장지수투자신탁[주식],KODEX 삼성그룹밸류,2015/01/08,WISE 삼성그룹 밸류 인덱스
117460,삼성KODEX에너지화학증권상장지수투자신탁[주식],KODEX 에너지화학,2009/10/12,KRX 에너지화학
140710,삼성KODEX운송증권상장지수투자신탁[주식],KODEX 운송,2011/04/26,KRX 운송
117680,삼성KODEX철강증권상장지수투자신탁[주식],KODEX 철강,2009/10/30,KRX 철강
411540,신한 SOL 200 Top10증권상장지수투자신탁[주식],SOL 200 Top10,2021/12/09,코스피 200 Top 10 지수
295040,신한 SOL 200 Total Return증권상장지수투자신탁[주식],SOL 200TR,2018/04/23,코스피 200 TR
363510,신한 SOL KIS단기통안채증권상장지수투자신탁[채권],SOL KIS단기통안채,2020/09/09,KIS 단기통안채 Index(총수익)
292500,신한 SOL KRX300증권상장지수투자신탁[주식],SOL KRX300,2018/03/26,KRX 300
404650,신한 SOL KRX기후변화솔루션증권상장지수투자신탁[주식],SOL KRX기후변화솔루션,2021/10/29,KRX 기후변화 솔루션지수
400590,신한 SOL 글로벌탄소배출권선물IHS특별자산ETF[탄소배출권-파생형](합성),SOL 글로벌탄소배출권선물IHS(합성),2021/09/30,IHS Markit Global Carbon Index(Total Return)
433330,신한 SOL 미국S&P500 증권상장지수투자신탁[주식],SOL 미국S&P500,2022/06/21,S&P 500
399110,신한 SOL 미국S&P500ESG증권상장지수투자신탁[주식],SOL 미국S&P500ESG,2021/09/14,S&P500 ESG(PR)
400580,신한 SOL 유럽탄소배출권선물S&P특별자산상장지수투자신탁[탄소배출권-파생형](H),SOL 유럽탄소배출권선물S&P(H),2021/09/30,S&P GSCI Carbon Emission Allowances(EUA)(EUR)ER
220130,신한 SOL 중국본토중소형CSI500증권상장지수투자신탁(주식-파생형)(합성 H),SOL 중국본토 중소형 CSI500(합성 H),2015/06/08,CSI 500 지수
415760,신한 SOL 차이나육성산업액티브증권상장지수투자신탁[주식혼합-파생형](합성),SOL 차이나육성산업액티브(합성),2022/01/13,STAR 50 Index(Price Return)
413220,신한 SOL 차이나태양광CSI증권상장지수투자신탁[주식혼합-파생형](합성),SOL 차이나태양광CSI(합성),2021/12/22,CSI Photovoltaic Industry Index(PR)
423170,신한 SOL 한국형글로벌반도체액티브증권상장지수투자신탁[주식-파생형],SOL 한국형글로벌반도체액티브,2022/04/12,S&P Global Semiconductor Korea Tilted Index(PR)
429980,신한 SOL 한국형글로벌전기차&2차전지액티브증권상장지수투자신탁[주식-파생형],SOL 한국형글로벌전기차&2차전지액티브,2022/06/14,FactSet Global Electric Vehicle and Rechargeable Battery Korea-Tilted Index(PR)
429990,신한 SOL 한국형글로벌플랫폼&메타버스액티브증권상장지수투자신탁[주식-파생형],SOL 한국형글로벌플랫폼&메타버스액티브,2022/06/14,Dow Jones Internet Korea Tilted Index(PR)
433220,에셋플러스 에셋플러스 글로벌대장장이액티브증권상장지수투자신탁(주식),에셋플러스 글로벌대장장이액티브,2022/06/28,S&P 500
407830,에셋플러스 에셋플러스 글로벌플랫폼액티브증권상장지수투자신탁(주식),에셋플러스 글로벌플랫폼액티브,2021/11/16,S&P 500
407820,에셋플러스 에셋플러스 코리아플랫폼액티브증권상장지수투자신탁(주식),에셋플러스 코리아플랫폼액티브,2021/11/16,FnGuide 플랫폼 지수(Price Return)
413930,우리 WOORI AI ESG액티브증권상장지수투자신탁(주식),WOORI AI ESG액티브,2022/01/05,MK-iSelect AI ESG 지수(시장가격지수)
426150,우리 WOORI 대한민국국고채액티브증권상장지수투자신탁(채권),WOORI 대한민국국고채액티브,2022/05/11,KAP 한국 국고채 총수익 지수
108590,유리 TREX200 증권상장지수투자신탁[주식],TREX 200,2009/01/23,코스피 200
145850,유리 TREX펀더멘탈200 증권상장지수투자신탁[주식],TREX 펀더멘탈 200,2011/09/23,FnGuide-RAFI 코리아200 지수
153270,키움 KOSEF 100 증권상장지수투자신탁(주식),KOSEF 코스피100,2012/02/28,코스피 100
148070,키움 KOSEF 10년 국고채 증권상장지수투자신탁[채권],KOSEF 국고채10년,2011/10/20,KIS 10년 국고채 지수 (총수익)
294400,키움 KOSEF 200 Total Return증권상장지수투자신탁[주식],KOSEF 200TR,2018/04/23,코스피 200 TR
069660,키움 KOSEF 200 상장지수증권투자신탁[주식],KOSEF 200,2002/10/14,코스피 200
331910,키움 KOSEF Fn중소형증권상장지수투자신탁[주식],KOSEF Fn중소형,2019/08/13,FnGuide-키움 스마트 중소형주 지수
100910,키움 KOSEF KRX100 상장지수증권투자신탁[주식],KOSEF KRX100,2008/01/23,KRX 100
200250,키움 KOSEF NIFTY50인디아증권상장지수투자신탁[주식-파생형](합성),KOSEF 인도Nifty50(합성),2014/06/26,Nifty 50 Index
104530,키움 KOSEF 고배당 상장지수증권투자신탁[주식],KOSEF 고배당,2008/07/29,MKF 웰스 고배당20
114470,키움 KOSEF 국고채 상장지수증권투자신탁[채권],KOSEF 국고채3년,2009/07/31,KTB INDEX(시장가격)
130730,키움 KOSEF 단기자금 증권상장지수투자신탁[채권],KOSEF 단기자금,2010/07/29,MK 머니마켓 지수(총수익)
411860,키움 KOSEF 독일DAX증권상장지수투자신탁[주식],KOSEF 독일DAX,2021/12/22,DAX Index(PR)
394340,키움 KOSEF 릭소글로벌디지털경제MSCI증권상장지수투자신탁[주식-재간접형],KOSEF 릭소글로벌디지털경제MSCI,2021/07/20,MSCI ACWI IMI 디지털 이코노미 ESG 지수(시장가격)
394350,키움 KOSEF 릭소글로벌퓨처모빌리티MSCI증권상장지수투자신탁[주식-재간접형],KOSEF 릭소글로벌퓨처모빌리티MSCI,2021/07/20,MSCI ACWI IMI 퓨처모빌리티 ESG 지수(시장가격)
430500,키움 KOSEF 물가채KIS증권상장지수투자신탁[채권],KOSEF 물가채KIS,2022/05/31,KIS TIPS 지수(총수익)
426330,키움 KOSEF 미국ETF산업STOXX증권상장지수투자신탁[주식],KOSEF 미국ETF산업STOXX,2022/04/26,STOXX USA ETF Industry Index (KRW)
138230,키움 KOSEF 미국달러선물 특별자산상장지수투자신탁[미국달러-파생형],KOSEF 미국달러선물,2011/02/24,미국달러선물지수
373790,키움 KOSEF 미국방어배당성장나스닥증권상장지수투자신탁[주식],KOSEF 미국방어배당성장나스닥,2020/12/24,Nasdaq US Low Volatility Dividend Achievers Index
104520,키움 KOSEF 블루칩 상장지수증권투자신탁[주식],KOSEF 블루칩,2008/07/29,MKF 블루칩
316670,키움 KOSEF 코스닥150증권상장지수투자신탁[주식],KOSEF 코스닥150,2019/01/22,코스닥 150
122260,키움 KOSEF 통안채 상장지수증권투자신탁[채권],KOSEF 통안채1년,2010/01/14,MK 통안채지수(총수익)
435530,키움 히어로즈 TDF2030액티브증권상장지수투자신탁[혼합-재간접형],히어로즈 TDF2030액티브,2022/06/30,Dow Jones Target 2030 Index (Total Return)
435540,키움 히어로즈 TDF2040액티브증권상장지수투자신탁[혼합-재간접형],히어로즈 TDF2040액티브,2022/06/30,Dow Jones Target 2040 Index (Total Return)
435550,키움 히어로즈 TDF2050액티브증권상장지수투자신탁[혼합-재간접형],히어로즈 TDF2050액티브,2022/06/30,Dow Jones Target 2050 Index (Total Return)
437550,키움 히어로즈 글로벌리츠이지스액티브부동산상장지수투자신탁[REITs-재간접형],히어로즈 글로벌리츠이지스액티브,2022/07/29,S&P Global REIT Index
419890,키움 히어로즈 단기채권ESG액티브증권상장지수투자신탁[채권],히어로즈 단기채권ESG액티브,2022/03/03,KIS ESG 9M~1.5Y
429870,키움 히어로즈 리츠이지스액티브부동산상장지수투자신탁[REITs-재간접형],히어로즈 리츠이지스액티브,2022/05/24,iSelect 리츠 지수
385720,타임폴리오 TIMEFOLIO Kstock액티브증권상장지수투자신탁[주식],TIMEFOLIO Kstock액티브,2021/05/25,코스피
410870,타임폴리오 TIMEFOLIO K컬처액티브증권상장지수투자신탁[주식],TIMEFOLIO K컬처액티브,2021/12/15,FnGuide K-컬처 지수
426020,타임폴리오 TIMEFOLIO 미국S&P500액티브증권상장지수투자신탁[주식-파생형],TIMEFOLIO 미국S&P500액티브,2022/05/11,S&P 500
426030,타임폴리오 TIMEFOLIO 미국나스닥100액티브증권상장지수투자신탁[주식-파생형],TIMEFOLIO 미국나스닥100액티브,2022/05/11,NASDAQ 100
385710,타임폴리오 TIMEFOLIO 이노베이션액티브증권상장지수투자신탁[주식],TIMEFOLIO 이노베이션액티브,2021/05/25,KRX BBIG K-뉴딜지수
404120,타임폴리오 TIMEFOLIO 탄소중립액티브증권상장지수투자신탁[주식],TIMEFOLIO 탄소중립액티브,2021/10/29,KRX 기후변화 솔루션지수
168300,하나UBS KTOP KOSPI50 증권상장지수투자신탁[주식],KTOP 코스피50,2012/11/12,코스피 50
422260,한국밸류 VITA MZ소비액티브증권상장지수투자신탁(주식),VITA MZ소비액티브,2022/03/29,FnGuide MZ 소비 지수
332500,한국투자 KINDEX 200 Total Return증권상장지수투자신탁(주식),KINDEX 200TR,2019/08/28,코스피 200 TR
385590,한국투자 KINDEX ESG액티브증권상장지수투자신탁(주식),KINDEX ESG액티브,2021/05/25,MSCI Korea Country ESG Leaders Custom Capped Price return Index
380340,한국투자 KINDEX Fn5G플러스증권상장지수투자신탁(주식),KINDEX Fn5G플러스,2021/04/02,FnGuide 5G플러스 지수 (시장가격)
414270,한국투자 KINDEX G2전기차&자율주행액티브증권상장지수투자신탁(주식),KINDEX G2전기차&자율주행액티브,2022/02/15,FactSet US-China Electric&Autonomous Vehicle Price Return Index
368470,한국투자 KINDEX K-뉴딜디지털플러스증권상장지수투자신탁(주식),KINDEX Fn K-뉴딜디지털플러스,2020/11/10,FnGuide K-뉴딜 디지털 플러스 지수
356540,한국투자 KINDEX KIS종합채권(AA-이상)액티브증권상장지수투자신탁(채권),KINDEX 종합채권(AA-이상)KIS액티브,2020/07/21,KIS 종합채권 AA-이상 총수익 지수(Total return Index)
411060,한국투자 KINDEX KRX금현물특별자산상장지수투자신탁(금),KINDEX KRX금현물,2021/12/15,KRX 금현물지수
277540,한국투자 KINDEX S&P아시아TOP50증권상장지수투자신탁(주식),KINDEX 아시아TOP50S&P,2017/08/23,S&P ASIA50 Price Return Index
114460,한국투자 KINDEX 국고채 증권 상장지수투자신탁(채권),KINDEX 국고채3년,2009/07/31,KTB INDEX(시장가격)
365780,한국투자 KINDEX 국고채10년증권상장지수투자신탁(채권),KINDEX 국고채10년,2020/10/15,KIS 10년 국고채 지수 (총수익)
411050,한국투자 KINDEX 글로벌메타버스테크액티브증권상장지수투자신탁(주식),KINDEX 글로벌메타버스테크액티브,2021/12/22,Bloomberg Global Digital Media & Tech Select Price Return Index
435040,한국투자 KINDEX 글로벌브랜드TOP10블룸버그증권상장지수투자신탁(주식),KINDEX 글로벌브랜드TOP10블룸버그,2022/06/28,Bloomberg Global Select Industry Leaders TOP10 Index(PR)
181480,한국투자 KINDEX 다우존스 미국 리츠부동산 상장지수투자신탁(파생형)(합성 H),KINDEX 미국다우존스리츠(합성 H),2013/08/01,Dow Jones U.S. Real Estate Index
190620,한국투자 KINDEX 단기자금 증권 상장지수투자신탁(채권),KINDEX 단기통안채,2013/12/23,KIS MSB 단기지수(총수익)
265690,한국투자 KINDEX 러시아MSCI증권상장지수투자신탁(주식-파생형)(합성),KINDEX 러시아MSCI(합성),2017/03/21,MSCI Russia 25% Capped Price Return Index
291130,한국투자 KINDEX 멕시코MSCI증권상장지수투자신탁(주식-파생형)(합성),KINDEX 멕시코MSCI(합성),2018/03/09,MSCI MEXICO IMI 25/50 Price return Index
342140,한국투자 KINDEX 모닝스타싱가포르리츠30증권상장지수투자신탁(채권혼합-파생형),KINDEX 싱가포르리츠채권혼합모닝스타,2019/12/27,Morningstar Singapore REIT Yield Focus Income Protection Index
280320,한국투자 KINDEX 미국IT인터넷증권상장지수투자신탁(주식-파생형)(합성 H),KINDEX 미국IT인터넷S&P(합성 H),2017/10/17,다우존스 인터넷 종합지수
360200,한국투자 KINDEX 미국S&P500증권상장지수투자신탁(주식),KINDEX 미국S&P500,2020/08/07,S&P 500
309230,한국투자 KINDEX 미국WideMoat가치주증권상장지수투자신탁(주식),KINDEX 미국WideMoat가치주,2018/10/25,MorningStar Wide Moat Focus Index
402970,한국투자 KINDEX 미국고배당S&P증권상장지수투자신탁(주식),KINDEX 미국고배당S&P,2021/10/21,Dow Jones U.S. Dividend 100 Price Return Index
367380,한국투자 KINDEX 미국나스닥100증권상장지수투자신탁(주식),KINDEX 미국나스닥100,2020/10/29,NASDAQ 100
391590,한국투자 KINDEX 미국스팩&IPO INDXX증권상장지수투자신탁(주식),KINDEX 미국스팩&IPO INDXX,2021/08/05,Indxx SPAC & NEXTGEN IPO Price return Index
391600,한국투자 KINDEX 미국친환경그린테마INDXX증권상장지수투자신탁(주식),KINDEX 미국친환경그린테마INDXX,2021/08/05,Indxx US Green Infrastructure Price return Index
143460,한국투자 KINDEX 밸류대형 증권 상장지수투자신탁(주식),KINDEX 밸류대형,2011/06/21,FnGuide-RAFI 코리아 대형 지수
245710,한국투자 KINDEX 베트남VN30증권상장지수투자신탁(주식-파생형)(합성),KINDEX 베트남VN30(합성),2016/07/01,VN30 Index(PR)
131890,한국투자 KINDEX 삼성그룹주 동일가중 증권 상장지수투자신탁(주식),KINDEX 삼성그룹동일가중,2010/09/17,MKF SAMs EW 지수
108450,한국투자 KINDEX 삼성그룹주SW 증권 상장지수투자신탁(주식),KINDEX 삼성그룹섹터가중,2009/02/03,MKF SAMs SW
226380,한국투자 KINDEX 성장소비주도주증권상장지수투자신탁(주식),KINDEX Fn성장소비주도주,2015/08/19,FnGuide 성장소비주도 지수
322130,한국투자 KINDEX 스마트로우볼증권상장지수투자신탁(주식),KINDEX 스마트로우볼,2019/04/16,FnGuide 스마트 로우볼 지수
272220,한국투자 KINDEX 스마트모멘텀증권상장지수투자신탁(주식),KINDEX 스마트모멘텀,2017/07/11,FnGuide 스마트 모멘텀 지수
272230,한국투자 KINDEX 스마트밸류증권상장지수투자신탁(주식),KINDEX 스마트밸류,2017/07/11,FnGuide 스마트 밸류 지수
322120,한국투자 KINDEX 스마트퀄리티증권상장지수투자신탁(주식),KINDEX 스마트퀄리티,2019/04/16,FnGuide 스마트 퀄리티 지수
322150,한국투자 KINDEX 스마트하이베타증권상장지수투자신탁(주식),KINDEX 스마트하이베타,2019/04/16,FnGuide 스마트 하이베타 지수
316300,한국투자 KINDEX 싱가포르리츠부동산상장지수투자신탁(재간접형),KINDEX 싱가포르리츠,2019/01/29,Morningstar Singapore REIT Yield Focus Index(PR)
433500,한국투자 KINDEX 원자력테마딥서치증권상장지수투자신탁(주식),KINDEX 원자력테마딥서치,2022/06/28,DeepSearch 원자력테마 지수 (시장가격지수)
256440,한국투자 KINDEX 인도네시아MSCI증권상장지수투자신탁(주식-파생형)(합성),KINDEX 인도네시아MSCI(합성),2016/11/01,MSCI Indonesia Index
238720,한국투자 KINDEX 일본Nikkei225증권상장지수투자신탁(주식-파생형)(H),KINDEX 일본Nikkei225(H),2016/03/03,Nikkei 225
416090,한국투자 KINDEX 중국과창판STAR50증권상장지수투자신탁(주식),KINDEX 중국과창판STAR50,2022/01/13,STAR 50 Index(Price Return)
168580,한국투자 KINDEX 중국본토 CSI300 증권 자상장지수투자신탁(주식-파생형),KINDEX 중국본토CSI300,2012/11/29,CSI 300 Index
272910,한국투자 KINDEX 중장기국공채액티브증권상장지수투자신탁(채권),KINDEX 중장기국공채액티브,2017/06/29,KIS 종합채권국공채1-10Y지수
371870,한국투자 KINDEX 차이나항셍테크증권상장지수투자신탁(주식),KINDEX 차이나항셍테크,2020/12/16,Hang Seng TECH Index
385600,한국투자 KINDEX 친환경자동차밸류체인액티브증권상장지수투자신탁(주식),KINDEX 친환경자동차밸류체인액티브,2021/05/25,FnGuide 친환경 자동차 밸류체인 지수
354500,한국투자 KINDEX 코스닥150증권상장지수투자신탁(주식),KINDEX 코스닥150,2020/05/07,코스닥 150
251890,한국투자 KINDEX 코스닥증권상장지수투자신탁(주식-파생형)(합성),KINDEX 코스닥(합성),2016/09/06,코스닥
305050,한국투자 KINDEX 코스피증권상장지수투자신탁(주식),KINDEX 코스피,2018/10/05,코스피
261920,한국투자 KINDEX 필리핀MSCI증권상장지수투자신탁(주식-파생형)(합성),KINDEX 필리핀MSCI(합성),2016/12/28,MSCI Philippines IMI Index
105190,한국투자 KINDEX200 증권 상장지수투자신탁(주식),KINDEX 200,2008/09/25,코스피 200
152100,한화 ARIRANG 200 증권상장지수투자신탁(주식),ARIRANG 200,2012/01/10,코스피 200
295820,한화 ARIRANG 200동일가중증권상장지수투자신탁(주식),ARIRANG 200동일가중,2018/05/11,코스피 200 동일가중지수
395750,한화 ARIRANG ESG가치주액티브증권상장지수투자신탁(주식),ARIRANG ESG가치주액티브,2021/07/30,FnGuide 한화 ESG 가치 지수
395760,한화 ARIRANG ESG성장주액티브증권상장지수투자신탁(주식),ARIRANG ESG성장주액티브,2021/07/30,FnGuide 한화 ESG 성장 지수
278420,한화 ARIRANG ESG우수기업증권상장지수투자신탁(주식),ARIRANG ESG우수기업,2017/08/31,WISE ESG우수기업 지수
429740,한화 ARIRANG Fn K리츠 부동산상장지수투자신탁(재간접형),ARIRANG Fn K리츠,2022/05/24,FnGuide 리츠 지수
436180,한화 ARIRANG K-유니콘투자기업액티브증권상장지수투자신탁(주식),ARIRANG K-유니콘투자기업액티브,2022/07/13,FnGuide K-유니콘 투자기업 지수
227830,한화 ARIRANG KOSPI 증권상장지수투자신탁(주식),ARIRANG 코스피,2015/09/23,코스피
122090,한화 ARIRANG KOSPI50 증권 상장지수투자신탁[주식],ARIRANG 코스피50,2010/01/07,코스피 50
292750,한화 ARIRANG KRX300증권상장지수투자신탁(주식),ARIRANG KRX300,2018/03/26,KRX 300
309210,한화 ARIRANG KRX300헬스케어증권상장지수투자신탁(주식),ARIRANG KRX300헬스케어,2018/11/08,KRX300 헬스케어
333940,한화 ARIRANG KS로우볼가중 Total Return증권상장지수투자신탁(주식),ARIRANG KS로우볼가중TR,2019/09/05,FnGuide KS 로우볼 가중 TR 지수
333950,한화 ARIRANG KS로우사이즈가중 Total Return증권상장지수투자신탁(주식),ARIRANG KS로우사이즈가중TR,2019/09/05,FnGuide KS 로우사이즈 가중 TR 지수
333960,한화 ARIRANG KS모멘텀가중 Total Return증권상장지수투자신탁(주식),ARIRANG KS모멘텀가중TR,2019/09/05,FnGuide KS 모멘텀 가중 TR 지수
333970,한화 ARIRANG KS밸류가중 Total Return증권상장지수투자신탁(주식),ARIRANG KS밸류가중TR,2019/09/05,FnGuide KS 밸류 가중 TR 지수
333980,한화 ARIRANG KS퀄리티가중 Total Return증권상장지수투자신탁(주식),ARIRANG KS퀄리티가중TR,2019/09/05,FnGuide KS 퀄리티 가중 TR 지수
269540,한화 ARIRANG S&P500증권상장지수투자신탁(주식-파생)(H),ARIRANG 미국S&P500(H),2017/05/16,S&P 500
269530,한화 ARIRANG S&P글로벌인프라 증권상장지수투자신탁(주식),ARIRANG S&P글로벌인프라,2017/05/16,S&P Global Infrastructure Index
433850,한화 ARIRANG TDF2030액티브증권상장지수투자신탁(혼합-재간접형),ARIRANG TDF2030액티브,2022/06/30,Morningstar Korea Lifetime Allocation Moderate 2030 Index (Gross Return)
433860,한화 ARIRANG TDF2040액티브증권상장지수투자신탁(혼합-재간접형),ARIRANG TDF2040액티브,2022/06/30,Morningstar Korea Lifetime Allocation Moderate 2040 Index (Gross Return)
433870,한화 ARIRANG TDF2050액티브증권상장지수투자신탁(혼합-재간접형),ARIRANG TDF2050액티브,2022/06/30,Morningstar Korea Lifetime Allocation Moderate 2050 Index (Gross Return)
433880,한화 ARIRANG TDF2060액티브증권상장지수투자신탁(혼합-재간접형),ARIRANG TDF2060액티브,2022/06/30,Morningstar Korea Lifetime Allocation Moderate 2060 Index (Gross Return)
421320,한화 ARIRANG iSelect우주항공&UAM증권상장지수투자신탁(주식),ARIRANG iSelect우주항공&UAM,2022/03/29,iSelect 우주항공UAM 지수
251590,한화 ARIRANG 고배당저변동50증권상장지수투자신탁(주식),ARIRANG 고배당저변동50,2016/08/11,FnGuide 고배당저변동50 지수
161510,한화 ARIRANG 고배당주 증권상장지수투자신탁(주식),ARIRANG 고배당주,2012/08/29,FnGuide 배당주 지수
251600,한화 ARIRANG 고배당주채권혼합증권상장지수투자신탁(채권혼합-파생형),ARIRANG 고배당주채권혼합,2016/08/11,FnGuide 고배당 채권혼합 지수
289670,한화 ARIRANG 국채선물10년증권상장지수투자신탁(채권-파생형),ARIRANG 국채선물10년,2018/02/07,10년국채선물지수
298340,한화 ARIRANG 국채선물3년증권상장지수투자신탁(채권-파생형),ARIRANG 국채선물3년,2018/06/08,국채선물지수
419650,한화 ARIRANG 글로벌수소&차세대연료전지MV증권상장지수투자신탁(주식),ARIRANG 글로벌수소&차세대연료전지MV,2022/02/15,BlueStar Hydrogen and NextGen Fuel Cell Index (시장가격)
415920,한화 ARIRANG 글로벌희토류전략자원기업MV증권상장지수투자신탁(주식),ARIRANG 글로벌희토류전략자원기업MV,2022/01/18,MVIS Global Rare Earth/Strategic Metals Index (Price Return)
278620,한화 ARIRANG 단기채권액티브증권상장지수투자신탁(채권),ARIRANG 단기채권액티브,2017/09/26,"KAP 투자적격 크레딧 채권 1년 지수(A- 이상,총수익)"
429760,한화 ARIRANG 미국S&P500 증권상장지수투자신탁(주식),ARIRANG 미국S&P500,2022/05/31,S&P 500
287180,한화 ARIRANG 미국나스닥테크증권상장지수투자신탁(주식),ARIRANG 미국나스닥테크,2017/12/13,NASDAQ 100 Technology Sector Index
332610,한화 ARIRANG 미국단기우량회사채증권상장지수투자신탁(채권),ARIRANG 미국단기우량회사채,2019/08/20,ICE BofaAML 1-3 Year AAA-A US Corporate Index(총수익지수)
426410,한화 ARIRANG 미국대체투자Top10MV 증권상장지수투자신탁(주식),ARIRANG 미국대체투자Top10MV,2022/05/11,BlueStar Top 10 US Listed Alternative Asset Managers Index (시장가격)
332620,한화 ARIRANG 미국장기우량회사채증권상장지수투자신탁(채권),ARIRANG 미국장기우량회사채,2019/08/20,ICE BofaAML 15+ Year AAA-A US Corporate Index(총수익지수)
238670,한화 ARIRANG 스마트베타Quality채권혼합증권상장지수투자신탁(채권혼합-파생형),ARIRANG 스마트베타Quality채권혼합,2016/02/24,WISE-KAP 스마트베타 Quality 채권혼합지수
256450,한화 ARIRANG 심천차이넥스트증권상장지수투자신탁(주식-파생형)(합성),ARIRANG 심천차이넥스트(합성),2016/11/08,SZSE ChiNext Price Index
239660,한화 ARIRANG 우량회사채50증권상장지수투자신탁(채권),ARIRANG 우량회사채50 1년,2016/03/22,KOBI HALF CREDIT Index(총수익)
280920,한화 ARIRANG 주도업종증권상장지수투자신탁[주식],ARIRANG 주도업종,2017/10/17,FnGuide 주도업종 지수
266550,한화 ARIRANG 중형주저변동50증권상장지수투자신탁[주식],ARIRANG 중형주저변동50,2017/03/28,FnGuide 중형주저변동50지수
301400,한화 ARIRANG 코스닥150증권상장지수투자신탁(주식),ARIRANG 코스닥150,2018/07/05,코스닥 150
328370,한화 ARIRANG 코스피TotalReturn증권상장지수투자신탁(주식),ARIRANG 코스피TR,2019/06/25,코스피 TR
301440,한화 ARIRANG 코스피중형주증권상장지수투자신탁(주식),ARIRANG 코스피중형주,2018/07/05,코스피 중형주
376250,한화 ARIRANG 탄소효율그린뉴딜증권상장지수투자신탁(주식),ARIRANG 탄소효율그린뉴딜,2021/02/05,KRX/S&P 탄소효율 그린뉴딜지수
213630,한화ARIRANG DJ US Select Dividend 증권상장지수투자신탁(주식-파생형)(합성 H),ARIRANG 미국다우존스고배당주(합성 H),2015/01/26,Dow Jones U.S Select Dividend Index(시장가격지수)
189400,한화ARIRANG MSCI AC World 증권상장지수투자신탁(주식-파생형)(합성 H),ARIRANG 글로벌MSCI(합성 H),2013/12/10,MSCI ACWI Index
195970,한화ARIRANG MSCI EAFE 증권상장지수투자신탁(주식-파생형)(합성 H),ARIRANG 선진국MSCI(합성 H),2014/05/13,MSCI EAFE Index
195980,한화ARIRANG MSCI Emerging Markets 증권상장지수투자신탁(주식-파생형)(합성 H),ARIRANG 신흥국MSCI(합성 H),2014/05/13,MSCI EM Index
433250,현대 UNICORN R&D 액티브증권상장지수투자신탁(주식),UNICORN R&D 액티브,2022/07/06,코스피 200
215620,흥국 HK S&P로우볼증권상장지수투자신탁(주식),HK S&P코리아로우볼,2015/03/25,S&P Korea 저변동성 지수
391670,흥국 HK 베스트일레븐액티브증권상장지수투자신탁(주식),HK 베스트일레븐액티브,2021/07/06,코스피 200
391680,흥국 HK 하이볼액티브증권상장지수투자신탁(주식),HK 하이볼액티브,2021/07/06,코스피 200
